日付,曜日,テーマNo,テーマ ( タイトル ),AIへの命令文の例
2028/01/01,木,No.03565,浮遊する海の難破船,海底ではなく、空中に浮かぶ海（大気中の水溜まり？）で、古い木製の難破船が、雲と共に静かに漂っているシュールな風景を描いてください。
2028/01/02,金,No.03566,悲しみの色を売る店,市場の一角で、店主が「悲しみ」「憂鬱」といった感情を、青や灰色の液体として瓶詰めにして販売している。人々がその「色」を買い求めている様子を描いてください。
2028/01/03,土,No.03567,氷河期に咲くハイビスカス,すべてが氷と雪で覆われた氷河期の世界で、一輪だけ、鮮やかな赤いハイビスカスが、氷を突き破って咲き誇っている奇跡的な光景を描いてください。
2028/01/04,日,No.03568,影のない世界,真夏の太陽が照りつけているにもかかわらず、人物や建物、木々など、すべての物から影が一切消え去った、のっぺりとした違和感のある世界を描いてください。
2028/01/05,月,No.03569,機械仕掛けの妖精,森の中で、本来は自然の化身であるはずの妖精が、羽は歯車で、体は真鍮でできた機械仕掛け（スチームパンク風）の姿で飛び回っている様子を描いてください。
2028/01/06,火,No.03570,言葉で橋を架ける,二つの絶壁の間で、人々が「愛」や「信頼」といったポジティブな言葉を投げかけると、その言葉が実体化して積み重なり、頑丈な橋が架かっていく様子を描いてください。
2028/01/07,水,No.03571,静止した爆発,都市の中心で大爆発が起こった瞬間、炎、煙、破片の全てが、時間が止まったかのように空中で完全に静止している様子を、ドラマチックな構図で描いてください。
2028/01/08,木,No.03572,笑う仮面をつけた泣き虫のピエロ,派手な衣装で、満面の笑みを浮かべた仮面をつけているピエロが、舞台の裏で、その仮面の下で号泣している姿を描いてください。
2028/01/09,金,No.03573,砂漠に降る雪,灼熱の太陽が照りつける広大な砂漠で、砂丘が真っ白になるほどの大雪が降っている、ありえない気象現象を描いてください。
2028/01/10,土,No.03574,重力を無視するバレリーナ,バレリーナが、物理法則を無視して、壁や天井を、まるで床であるかのように優雅に踊りながら移動している、不思議なダンスシーンを描いてください。
2028/01/11,日,No.03575,過去を食べる怪物,人々が忘れたい「過去の記憶」を、霧や影のような姿をした怪物が、その人の頭から吸い出して食べている、恐ろしくも救いのある光景を描いてください。
2028/01/12,月,No.03576,生きた建築,建物自体が生命を持っており、呼吸するように壁が脈動したり、窓が瞬きしたり、地形に合わせてゆっくりと移動したりする、生物的な都市を描いてください。
2028/01/13,火,No.03577,ネオンの森と機械の動物,夜の森が、木々自体がネオンサインのように様々な色で発光しており、そこを歩き回る動物たち（鹿や兎）が、金属と歯車でできた機械の姿をしている風景を描いてください。
2028/01/14,水,No.03578,白黒の世界に現れた一輪の赤い花,周囲の風景も人物もすべてが白黒（モノクローム）の世界で、地面に咲いた一輪の花だけが、鮮烈な「赤色」をしている、際立った対比を描いてください。
2028/01/15,木,No.03579,水面を歩く人々,海や湖の上を、人々がボートや橋を使うのではなく、まるで地面を歩くかのように、水面に足跡（波紋）を残しながら普通に歩いている日常風景を描いてください。
2028/01/16,金,No.03580,考えることをやめた哲学者,「我思う、故に我あり」と書かれた石碑の前で、哲学者が「もう考えるのは疲れた」と、あぐらをかいて瞑想（あるいは昼寝）をしている、皮肉な情景を描いてください。
2028/01/17,土,No.03581,木製の宇宙服,宇宙空間を遊泳する宇宙飛行士が、ハイテク素材ではなく、木材と革、真鍮の部品で手作りされた、アンティークで温かみのある「木製の宇宙服」を着ている姿を描いてください。
2028/01/18,日,No.03582,臆病なヒーロー,マントをつけ、いかにもヒーローらしい格好をしているが、悪役を前にして（あるいは高いところに登って）足がすくみ、情けなく怯えているヒーローの姿を描いてください。
2028/01/19,月,No.03583,声が形になる世界,人々が話すと、その「声」が、発言者の感情や言葉の意味に応じた様々な形（例：優しい言葉は花、怒鳴り声はトゲ）となって空中に実体化する様子を描いてください。
2028/01/20,火,No.03584,逆さまに成長する木,木が、根を空に向けて伸ばし、枝や葉を地中深くに広げている、上下逆さまに成長する奇妙な森の風景を描いてください。
2028/01/21,水,No.03585,沈む太陽と昇る月が同時に存在する空,空の片方では太陽が地平線に沈もうとし、もう片方では満月が昇ろうとしている。二つの天体が同時に、同じ大きさで空に存在する幻想的な夕暮れ（あるいは夜明け）を描いてください。
2028/01/22,木,No.03586,図書館の本から溢れ出す物語の世界,図書館で開かれた本から、インクが溢れ出すように、その物語の登場人物や風景（例：城、ドラゴン、森）が、ミニチュアサイズで実体化し、机の上に広がっている様子を描いてください。
2028/01/23,金,No.03587,怒りを鎮めるための嵐,荒れ狂う嵐（暴風雨）が、人々の心の「怒り」を鎮めるために、意図的に発生している。嵐が過ぎ去った後、人々は穏やかな表情になっている様子を描いてください。
2028/01/24,土,No.03588,鏡に映る自分だけが年老いている,若い人物が鏡の前に立っているが、鏡の中に映っている姿だけが、何十年も年老いた（あるいは若返った）未来（あるいは過去）の自分である、不思議な光景を描いてください。
2028/01/25,日,No.03589,空を飛ぶことを夢見る地底人,地下深くの暗い洞窟で暮らす地底人が、壁画に「太陽」と「空を飛ぶ自分たち」の姿を描き、空への憧れを抱いている様子を描いてください。
2028/01/26,月,No.03590,音符でできた魚,海の中を泳ぐ魚の群れが、よく見ると魚の形ではなく、五線譜の上を泳ぐ「音符」でできており、その群れが通ると音楽が聞こえるような幻想的な水中風景を描いてください。
2028/01/27,火,No.03591,笑顔で人を助ける冷酷な医者,医者が、患者に対して完璧な笑顔と優しい言葉遣いで接しているが、その目だけが一切笑っておらず、氷のように冷酷な計算をしている二面性を描いてください。
2028/01/28,水,No.03592,食べられる宝石,ショーケースに並べられたルビーやエメラルドが、実際には甘いお菓子（キャンディやゼリー）でできており、人々がそれを美味しそうに食べている様子を描いてください。
2028/01/29,木,No.03593,石の心臓を持つ優しいロボット,見た目は無骨で冷たい金属のロボットだが、胸のハッチが開くと、中には石でできた鼓動しない心臓がある。しかし、そのロボットは小鳥を優しく手当てしている姿を描いてください。
2028/01/30,金,No.03594,過去の戦争の英雄として称えられるAI,現代の平和な式典で、過去の大戦を終結に導いた「英雄」として、一体の旧式AI（人型ロボット）が勲章を授与され、人々から称賛されている様子を描いてください。
2028/01/31,土,No.03595,重い光と軽い闇,光が当たっている場所は、重力が増したかのように物が沈み込み、逆に影（闇）の部分は、物がふわりと浮き上がる、光と闇の性質が逆転した世界を描いてください。
2028/02/01,日,No.03596,雲でできた都市,空高く、巨大な積乱雲や入道雲そのものが、高層ビルや道路、公園などを持つ「都市」として機能しており、人々（あるいは天使）が生活している様子を描いてください。
2028/02/02,月,No.03597,泣きながら走るマラソンランナー（1位）,マラソン大会で、ゴールテープを1位で切ろうとしているランナーが、歓喜の表情ではなく、この世の終わりのように号泣しながら走っている姿を描いてください。
2028/02/03,火,No.03598,自分の尾を食べる蛇（ウロボロス）の日常,ウロボロス（自分の尾を食べる蛇）が、その行為を「食事」として、ナイフとフォークを使って、自分の尾を美味しそうに食べているシュールでコミカルな日常を描いてください。
2028/02/04,水,No.03599,平和ボケしたドラゴン,巨大で恐ろしい姿のドラゴンが、人間や家畜を襲うこともなく、村の広場でのんびりと昼寝をしたり、子供たちに背中を（遊び場として）提供したりしている平和な光景を描いてください。
2028/02/05,木,No.03600,満月が釣り針にかかる夜,夜釣りを楽しんでいると、釣り竿が大きくしなり、釣り上げてみると、夜空に輝く「満月」が釣り針にかかっている、幻想的でユーモラスな瞬間を描いてください。
2028/02/06,金,No.03601,歓喜なき祝祭,豪華絢爛なカーニバルや祭りの真っ只中で、参加者全員が無表情で虚ろな目をしている様子を生成してください。
2028/02/07,土,No.03602,液体化した石像,古代ギリシャの彫刻のような大理石の石像が、ロウソクのようにゆっくりと溶けて床に広がっている様子を描いてください。
2028/02/08,日,No.03603,サイバーパンクな縄文時代,縄文土器風の模様が施されたネオン輝く高層ビル群の中で、狩猟採集民風のサイバーウェアを装着した人々が暮らす風景を生成してください。
2028/02/09,月,No.03604,静かなる轟音,巨大な滝が流れ落ちているにもかかわらず、水しぶきだけが上がり、一切の音が聞こえない静寂な風景を描いてください。
2028/02/10,火,No.03605,「憂鬱」の肖像,灰色の霧でできたドレスを着た女性が、枯れた花畑の中でうつむいている姿を、「憂鬱」という概念を擬人化して描いてください。
2028/02/11,水,No.03606,ペットに怯えるハンター,巨大な猛獣（ライオンや熊など）をペットとして飼っているが、その猛獣が小さな子猫に怯えてハンターの後ろに隠れている様子を生成してください。
2028/02/12,木,No.03607,豆粒ほどの大きさのクジラ,ティーカップの中の紅茶を、豆粒ほどの大きさのシロナガスクジラが優雅に泳いでいる様子を、リアルな質感で描いてください。
2028/02/13,金,No.03608,色の聞こえるギャラリー,絵画鑑賞をしている人々が、絵の色に応じて耳を澄ませたり、耳を塞いだりしている美術館の様子を生成してください。絵画は抽象的で、色が音波のように描かれていると良いでしょう。
2028/02/14,土,No.03609,天文時計の心臓,人体の胸部が開き、そこにあるべき心臓の代わりに、複雑な歯車と宝石でできた精密な天文時計がカチカチと動いている様子を、解剖学的にリアルかつ機械的に描いてください。
2028/02/15,日,No.03610,砂漠での水泳大会,広大な砂漠の真ん中で、人々が水着姿で砂丘を泳ぐように進んでいる（クロールや平泳ぎをしている）奇妙な大会の風景を生成してください。
2028/02/16,月,No.03611,重力が上向きの世界,人々が地面に「落ちない」ように必死で手すりや重りにつかまっており、建物や木々も空に向かって生えているのではなく、地面に固定されているような奇妙な街並みを描いてください。
2028/02/17,火,No.03612,夢を録音する枕,枕元に置かれた枕が、眠っている人の頭から漏れ出る幻想的な光やイメージを吸い込み、カセットテープやデジタルデータとして記録している様子を生成してください。
2028/02/18,水,No.03613,水滴の中の宇宙,葉の上に乗った一滴の朝露をマクロレンズで覗き込むと、その中に無限の銀河や星雲が渦巻いている様子を、美しく幻想的に描いてください。
2028/02/19,木,No.03614,デジタル文明を築いたアステカ,もしアステカ文明がスペインに滅ぼされず、独自のデジタル技術を発展させていたら。太陽のピラミッドが巨大なサーバーになっており、伝統的な衣装の人々がホログラムを操作している様子を生成してください。
2028/02/20,金,No.03615,喜びのオーラが都市を照らす,人々が感じる「喜び」が、それぞれの体から発する色とりどりのオーラとなり、夜の都市をネオンサインのように明るく照らしている風景を描いてください。
2028/02/21,土,No.03616,放棄された宇宙船に根を張る森,何百年も前に不時着した巨大な宇宙船の残骸を突き破り、その金属の船体や内部の機械を養分にして、巨大な樹木や色鮮やかな植物が繁茂している風景を生成してください。
2028/02/22,日,No.03617,悪夢の侵食,眠っている人が見た悪夢（例：奇妙な怪物、歪んだ風景）が、ベッドの周りからじわじわと現実世界に実体化し、部屋の壁や家具を侵食している様子を描いてください。
2028/02/23,月,No.03618,シャーロック・ホームズ、魔法学校に入学,論理と科学の探偵シャーロック・ホームズが、ホグワーツのような魔法学校に迷い込み、魔法の現象を必死に科学的に分析・推理しようとしている様子を生成してください。
2028/02/24,火,No.03619,エントロピーの逆流,部屋の中の散らかった物がひとりでに片付き、割れたカップが元に戻り、冷めたコーヒーが再び熱くなっていく、時間の矢が逆転したような瞬間を描いてください。
2028/02/25,水,No.03620,バロック様式のミニマリズム,非常に豪華で装飾過多なバロック様式の彫刻や建築要素（渦巻模様、金箔など）を使いながらも、極端に物が少なく、広々とした空間が強調されたミニマリストな室内をデザインしてください。
2028/02/26,木,No.03621,通勤ラッシュの武士,現代の満員電車の中で、スーツ姿のサラリーマンたちに混じって、一人だけ甲冑を身に着けた武士が真剣な顔で吊り革につかまっている様子を生成してください。
2028/02/27,金,No.03622,「筆が滑る」作家,小説家が万年筆で原稿を書いていると、その万年筆が文字通りツルツルと滑り出し、作家の手を離れて原稿用紙の上をスケートのように滑っていく様子を描いてください。
2028/02/28,土,No.03623,ガス状に進化した哺乳類,特定の環境に適応するため、体が気体やプラズマのようになり、定まった形を持たない哺乳類（例：ガス状の虎）が森の中を漂っている様子を生成してください。
2028/02/29,日,No.03624,コードを食べるバグ,コンピューターのプログラムコード（0と1の羅列や、カラフルなテキスト）が物理的な麺のようになっており、それを虫（バグ）がムシャムシャと食べている様子を比喩的に描いてください。
2028/03/01,月,No.03625,矢を放つ前に的が射抜かれている弓道家,弓道家が矢を放つまさにその瞬間、矢はまだ手元にあるにもかかわらず、遠くの的がすでに射抜かれているという、因果関係が破綻したシーンを描いてください。
2028/03/02,火,No.03626,悪口がトゲになる世界,人々が悪口を言うと、その言葉が物理的な黒いトゲとなって口から飛び出し、言われた相手の体に突き刺さる様子を生成してください。
2028/03/03,水,No.03627,忘れたい記憶の瓶詰め屋,路地裏の怪しげな店で、店主が客の頭から「忘れたい記憶」を光の糸のように抜き取り、それを小さな瓶に詰めて棚に並べている様子を描いてください。
2028/03/04,木,No.03628,サバンナの歌舞伎座,アフリカの広大なサバンナの真ん中、キリンやシマウマの群れがいる背景に、日本の伝統的な歌舞伎座の建物が不釣り合いに建っている風景を生成してください。
2028/03/05,金,No.03629,聴診器に診断される医者,医者が患者ではなく、自律的に動く聴診器によって「診断」されている。聴診器が医者の胸に当てられ、厳しい表情（？）で何かを告げている様子を描いてください。
2028/03/06,土,No.03630,悲しみが雪になる街,街の人々が悲しい出来事を経験すると、その人の頭上から局所的に雪が降り始め、街全体が悲しみの深さに応じて雪景色に変わっていく様子を描いてください。
2028/03/07,日,No.03631,老賢者の姿をした赤ん坊,生まれたばかりの赤ん坊が、長い白髭を生やし、深いシワのある賢者のような顔つきで、周囲の大人たちに哲学的な言葉を語りかけている様子を生成してください。
2028/03/08,月,No.03632,速すぎる静物画,果物や花瓶が描かれた静物画なのに、残像が見えるほど高速で振動していたり、ソニックブームのようなエフェクトが描かれていたりする作品を生成してください。
2028/03/09,火,No.03633,音のないオーケストラ,満員のコンサートホールで、指揮者とオーケストラの演奏者たちが必死の形相で情熱的に楽器を演奏しているが、一切の音が聞こえず、観客が静寂の中で身振り手振りだけで感動を表現している様子を描いてください。
2028/03/10,水,No.03634,浮かぶアンカー（錨）,重いはずの巨大な船の錨が、鎖に繋がれたまま空中にプカプカと浮かんでおり、船がそれに引かれて空を飛んでいる奇妙な風景を生成してください。
2028/03/11,木,No.03635,内側が空になっている人間,人物のシルエットははっきりと存在しているが、その内側が完全に透明か、あるいは空洞になっており、背景の景色が透けて見えている状態を描いてください。
2028/03/12,金,No.03636,踊る摩天楼,夜の都市で、高層ビル群がまるで生き物のようにしなやかに曲がりくねり、互いにダンスを踊っているかのような幻想的な風景を生成してください。
2028/03/13,土,No.03637,食べられる本,図書館の本棚に並んでいる本が、パンやケーキ、果物などでできており、人々がそれをちぎって美味しそうに食べている様子を描いてください。
2028/03/14,日,No.03638,生きた化石,博物館に展示されている恐竜の骨格標本（化石）が、突然動き出し、驚く来館者たちの間を歩き回っている様子を生成してください。
2028/03/15,月,No.03639,指先サイズの銀河,一人の人物が指先を差し出すと、その指の先に小さな渦巻銀河が輝いており、その周りを微小な惑星が公転している様子をマクロで描いてください。
2028/03/16,火,No.03640,過去と未来が混在する交差点,ある交差点の一角はモノクロの1950年代の風景、別の一角はホログラムが飛び交う未来都市、さらに別の一角は恐竜が歩いている古代の風景になっており、それらが同時に存在している様子を描いてください。
2028/03/17,水,No.03641,結果から始まる物語,まずエンディング（例：主人公が勝利し、平和が訪れる）が描かれ、その後にその結果に至った原因（例：苦しい戦いや冒険）が逆再生のように描かれていく様子を生成してください。
2028/03/18,木,No.03642,群衆でできた一人の巨人,無数の小さな人々が集まり、互いに組み合わさることで、一人の巨大な人間の姿を形作っている様子を、アルチンボルド風に描いてください。
2028/03/19,金,No.03643,「平和」の重さ,「平和」という概念が、非常に重く巨大な石碑や彫像として具現化し、人々がそれを必死で支えたり、運んだりしている様子を描いてください。
2028/03/20,土,No.03644,必然的なサイコロの目,ギャンブラーがサイコロを振ると、毎回必ず「6」の目が出る。しかしその「6」の目は、サイコロが割れて中から現れたり、インクが滲んで現れたりと、明らかに不自然な形で「必然的に」作り出されている様子を生成してください。
2028/03/21,日,No.03645,無限に複雑な折り鶴,一枚の紙で折られた折り鶴だが、その翼や頭部がフラクタルのように無限に細かい折り目で構成されており、全体像が把握できないほど複雑になっている様子を描いてください。
2028/03/22,月,No.03646,有限の宇宙の果て,宇宙船が宇宙の果てに到達すると、そこには何も書かれていないキャンバスのような「壁」があり、宇宙飛行士がその壁に触れている様子を描いてください。
2028/03/23,火,No.03647,飛べない鳥のための飛行機,翼が退化して飛べなくなった鳥たち（ペンギンやダチョウなど）が、自分たちのサイズに合わせた小さなプロペラ機やジェット機を操縦して、大空を飛び回っている様子を生成してください。
2028/03/24,水,No.03648,1が100より大きい世界,数字の「1」が書かれたリンゴが、数字の「100」が書かれたリンゴよりも物理的に圧倒的に大きく、重そうに描かれている奇妙な静物画を生成してください。
2028/03/25,木,No.03649,名前のない生き物,誰も名前を知らず、名前をつけようとすると形が変わってしまう、常に姿が揺らぎ続ける不思議な生き物を描いてください。
2028/03/26,金,No.03650,終わりのない始まり,スタートラインに立ったランナーが号砲と共に走り出すが、その瞬間が永遠にループし、決してレースが始まらない（または常に始まりの瞬間である）様子を描いてください。
2028/03/27,土,No.03651,理由が先に来る結果,まず「なぜなら空が青いからだ」という理由（看板や吹き出し）が提示され、その結果として人々が空を見上げて困惑している、あるいは空が突然青くなる、といった奇妙な状況を描いてください。
2028/03/28,日,No.03652,答えを探す質問,「人生の意味とは？」といった哲学的な質問が、擬人化されたキャラクター（？マークの頭を持つ人など）となり、図書館や街中で答えを探して歩き回っている様子を生成してください。
2028/03/29,月,No.03653,怠惰な成功者,一切の努力をせず、一日中寝転がったり遊んだりしている人物が、なぜかビジネスで大成功を収め、豪華な邸宅でトロフィーに囲まれてさらに怠惰に過ごしている様子を描いてください。
2028/03/30,火,No.03654,未来の記憶を持つ歴史家,歴史家が、まだ起こっていない未来の出来事（例：22世紀の革命）について、まるで過去の出来事のように詳細に分析し、講義している様子を描いてください。
2028/03/31,水,No.03655,画一的な個性,街を歩く人々が、全員「個性的であれ」というスローガンが書かれた同じデザインのTシャツを着て、同じ歩幅で無表情に行進している様子を生成してください。
2028/04/01,木,No.03656,耳障りな静寂,完全に無音の空間（防音室など）で、一人の人物がその「静寂」自体が耐え難い騒音であるかのように耳を塞ぎ、苦悶の表情を浮かべている様子を描いてください。
2028/04/02,金,No.03657,栄光ある敗北,スポーツの試合で敗北した選手が、勝者よりも多くの観客から称賛され、紙吹雪が舞う中で堂々と表彰台の中央に立っている（勝者は隅で悔しがっている）様子を描いてください。
2028/04/03,土,No.03658,醜い蝶,蝶の羽が、美しい模様ではなく、ゴミや汚物、あるいはグロテスクな模様で構成されている。しかし、その蝶が花畑を飛び回る様子は奇妙な美しさを放っている、という風景を描いてください。
2028/04/04,日,No.03659,嘘が真実になる法廷,裁判所で、被告人や証人が明らかに嘘の証言（例：「空は緑色だ」）をすると、裁判所の窓の外の空が本当に緑色に変わっていく様子を生成してください。
2028/04/05,月,No.03660,憎しみの抱擁,二人の人物が、互いに激しい憎しみを込めた表情（歯を食いしばり、涙を流す）をしながらも、力強く抱きしめ合っている姿を描いてください。
2028/04/06,火,No.03661,絶望から生まれる光,真っ暗闇の絶望的な空間（廃墟や奈落の底）で、深く絶望している人物の体から、眩いほどの希望の光が生まれ、周囲を照らし始める瞬間を描いてください。
2028/04/07,水,No.03662,孤独な自由,何もない無限の空間（白い背景など）に一人だけポツンと存在し、完全な自由（何にも縛られない）を手に入れた結果、極度の孤独を感じている人物を描いてください。
2028/04/08,木,No.03663,無知な博学者,巨大な図書館の全ての本を読破した博学者が、子供の単純な質問（例：「空はなぜ青いの？」）に答えられず、「何も知らない」と頭を抱えている様子を生成してください。
2028/04/09,金,No.03664,壊れやすい鋼鉄,鋼鉄でできた屈強な鎧や剣が、まるでガラス細工のように脆く、少し触れただけ（例：蝶が止まる）でヒビが入ったり砕け散ったりする様子を描いてください。
2028/04/10,土,No.03665,静止したレースカー,レースサーキットで、F1カーのような超高速マシンが、猛烈なスピードで走っているはずなのに、背景も車体も完全に静止しており、タイヤの回転すら止まっている奇妙な瞬間を描いてください。
2028/04/11,日,No.03666,闇を放つ灯台,岬に立つ灯台が、夜の海を照らすための光ではなく、周囲を飲み込むような強力な「闇」のビームを回転させながら放っている風景を生成してください。
2028/04/12,月,No.03667,冷たい炎,キャンプファイヤーで燃え盛る炎が、赤やオレンジではなく、青白く凍りついたような色をしており、人々がその「冷たい炎」に手をかざして涼んでいる様子を描いてください。
2028/04/13,火,No.03668,石のように硬い綿毛,タンポポの綿毛が、フワフワと飛んでいるのではなく、石のように硬質で重く、地面に落ちてクレーターを作っている様子を生成してください。
2028/04/14,水,No.03669,苦い蜜,蜂が花から集めた蜜が、黄金色ではなく真っ黒で、それを舐めた動物や人々が顔をしかめるほど苦い「蜜」を描いてください。
2028/04/15,木,No.03670,腐臭のする花園,見た目は非常に美しく色鮮やかな花々が一面に咲き誇る花園だが、そこからは甘い香りではなく、耐え難い腐臭が漂っている様子を、鼻をつまむ人々とともに描いてください。
2028/04/16,金,No.03671,不協和音のヒーリングミュージック,人々がリラックスするために聞いているヒーリングミュージックが、実際には耳障りな不協和音やノイズで構成されているが、聞いている人々は恍惚とした表情を浮かべている様子を描いてください。
2028/04/17,土,No.03672,混沌とした図書館,図書館の本棚や本が、整然と並べられているのではなく、ランダムかつ混沌としたパターン（渦を巻いたり、爆発したように）で配置されているが、司書はそれを完璧に管理している様子を生成してください。
2028/04/18,日,No.03673,変化し続ける単調な風景,一見すると何も変わらない単調な砂漠の風景だが、よく見ると砂粒一つ一つの色や形が毎秒猛スピードで変化し続けている様子を、マクロとワイドで描いてください。
2028/04/19,月,No.03674,予測不可能な時計,壁に掛かった時計の針が、規則正しく動くのではなく、ランダムにジャンプしたり、逆回転したり、溶けて垂れ下がったりと、全く予測不可能な動きをしている様子を描いてください。
2028/04/20,火,No.03675,非論理的な数学の授業,学校の教室で、教師が黒板に「1 + 1 = 魚」といった非論理的な数式を書き、生徒たちがそれを真剣な顔でノートに写している様子を生成してください。
2028/04/21,水,No.03676,非合理な建築,建物の階段が天井に向かって伸びていたり、ドアが壁の途中にあったり、柱が何の支えにもなっていなかったりと、機能的に全く非合理な構造をした奇妙な建築物を描いてください。（エッシャー風）
2028/04/22,木,No.03677,歓喜の葬列,葬式の行列だが、参列者全員が喪服ではなくカラフルな衣装を身につけ、笑顔で踊ったり歌ったりしながら故人を見送っている、喜びにあふれた葬儀の様子を描いてください。
2028/04/23,金,No.03678,沈む綿飴,お祭りの屋台で売られている綿飴が、空気より重く、子供の手を離れるとゆっくりと地面に沈んでいく様子を生成してください。
2028/04/24,土,No.03679,ネオンサインの古代遺跡,マヤやアンコールの古代遺跡の石壁に、伝統的な模様と並んで、サイバーパンクなネオンサインやデジタル広告が埋め込まれ、輝いている風景を描いてください。
2028/04/25,日,No.03680,トゲトゲしい癒し,触れると痛そうな鋭いトゲで全身が覆われた、ぬいぐるみやクッションのような「癒しグッズ」を、人々が幸せそうに抱きしめている様子を描いてください。
2028/04/26,月,No.03681,「無」の擬人化,何も持たず、背景もなく、ただ存在が希薄になっていくような人物、あるいは黒い穴（ブラックホール）のような人型の存在として、「無」を擬人化してください。
2028/04/27,火,No.03682,魚に支配された漁師,漁師が釣った巨大な魚に逆に釣り上げられ、魚が船の上でふんぞり返り、漁師が水中でロープに引かれているという力関係が逆転した海の風景を生成してください。
2028/04/28,水,No.03683,銀河サイズのコーヒーカップ,宇宙空間に、地球よりもはるかに巨大なコーヒーカップが浮かんでおり、その中のコーヒーが渦巻銀河のようになっている様子を描いてください。
2028/04/29,木,No.03684,歌う建築,建物自体が巨大な楽器になっており、風が吹いたり人が通ったりすると、壁や窓が振動して美しい音楽を奏でる都市の風景を生成してください。
2028/04/30,金,No.03685,機械仕掛けの幽霊,古い洋館に出る幽霊が、半透明のシーツを被った姿ではなく、歯車や蒸気パイプがむき出しになった機械仕掛け（スチームパンク風）の姿をしている様子を描いてください。
2028/05/01,土,No.03686,花束で戦う兵士,戦場で、兵士たちが銃や剣の代わりに、色とりどりの美しい花束を構え、互いに投げ合ったり、突きつけたりして戦っている様子を生成してください。
2028/05/02,日,No.03687,音が通貨になる市場,市場（バザール）で、人々が品物を買うために、お金の代わりに美しい歌声や楽器の演奏、あるいは特定の言葉（音）を店主に差し出している様子を描いてください。
2028/05/03,月,No.03688,感情を消す万年筆,その万年筆で日記や手紙を書くと、書かれた文字からインクと共に感情（喜びや悲しみ）が吸い取られ、書いた人は無表情になっていく様子を描いてください。
2028/05/04,火,No.03689,雪の結晶の中の都市,雪の結晶の一つを顕微鏡で拡大すると、その氷の枝分かれした構造に沿って、微細な未来都市が建設されている様子を描いてください。
2028/05/05,水,No.03690,ルネサンス期に発見されたスマートフォン,レオナルド・ダ・ヴィンチのようなルネサンス期の芸術家や科学者が、発掘された（あるいは空から落ちてきた）スマートフォンを囲み、その構造や機能を真剣にスケッチしたり議論したりしている様子を生成してください。
2028/05/06,木,No.03691,怒りで発電する街,都市の動力源が人々の「怒り」であり、市民が怒りを表明するための施設（叫び声を上げる場所など）が集められ、そこからエネルギーがパイプで都市中に送られている様子を描いてください。
2028/05/07,金,No.03692,電子回路の根,地面の下に張り巡らされているのが植物の根ではなく、光ファイバーや電子回路の基板であり、それが地上の木々（デジタルツリー）にデータを供給している様子を描いてください。
2028/05/08,土,No.03693,夢の密輸人,人々が見た「夢」が、液体や結晶のような物理的な物質として存在し、それを国境や検問所でこっそりとカバンに隠して運ぶ「夢の密輸人」を描いてください。
2028/05/09,日,No.03694,シンデレラ、西部劇のガンマンになる,童話のシンデレラが、ガラスの靴の代わりにカウボーイブーツを履き、ドレスの代わりに保安官のバッジをつけ、二丁拳銃で悪党と対決している西部劇のシーンを生成してください。
2028/05/10,月,No.03695,万有引力の見える街,街中のあらゆる物体（人、車、建物、リンゴなど）から、目に見える重力の線（矢印や光の帯）が地面に向かって伸びている、物理法則が可視化された風景を描いてください。
2028/05/11,火,No.03696,浮世絵風スペースオペラ,宇宙空間での壮大な艦隊戦や、エイリアンとの遭遇シーンを、葛飾北斎や歌川広重のような浮世絵のスタイル（大胆な構図、独特の色彩）で描いてください。
2028/05/12,水,No.03697,水族館の空飛ぶバス,ごく普通の路線バスが、水族館の巨大な水槽の中を、魚たちと一緒にゆっくりと泳ぎ（飛び）、乗客が窓から海の生き物を眺めている様子を生成してください。
2028/05/13,木,No.03698,「頭が固い」人,議論中に「頭が固い」と指摘された人物の頭部が、文字通りコンクリートや岩石に変化し、そこから芽が出たり、鳥が巣を作ったりしている様子をコミカルに描いてください。
2028/05/14,金,No.03699,空を泳ぐイカの群れ,海ではなく、夕焼け空や星空を、イカの群れが（まるで水中を泳ぐかのように）ゆらゆらと漂いながら移動している幻想的な風景を描いてください。
2028/05/15,土,No.03700,思考の化石,古代の哲学者の「思考」や「アイデア」が、アンモナイトや三葉虫のような化石となって地層から発掘され、博物館に展示されている様子を描いてください。
2028/05/16,日,No.03701,未来を思い出す老人,老人ホームで、一人の老人が、過去の思い出ではなく、これから起こるはずの未来の出来事（例：孫の結婚、宇宙旅行）を懐かしそうに語っている様子を描いてください。
2028/05/17,月,No.03702,怒りの賛美歌,教会の聖歌隊が、神を讃える厳かな賛美歌ではなく、ヘビーメタルのような激しい怒りや葛藤を表現するシャウト混じりの歌を、パイプオルガンの伴奏で歌っている様子を生成してください。
2028/05/18,火,No.03703,金属でできた雲,空に浮かぶ雲が、綿のように柔らかい水蒸気ではなく、錆びた鉄や光沢のあるクロムのような硬い金属の塊でできており、その影が地上に落ちている様子を描いてください。
2028/05/19,水,No.03704,中世のAI騎士,中世の騎士が身につけている甲冑が、実は高度なAIを搭載したパワードスーツであり、バイザー部分にホログラムのディスプレイが表示されている様子を、ゴシック様式とSFを融合させて描いてください。
2028/05/20,木,No.03705,苦痛な味のする鎮痛剤,痛みを和らげるための鎮痛剤（錠剤や液体）が、飲むと激しい苦痛（例：灼熱感、針で刺すような痛み）を感じさせる味だが、飲んだ後は痛みが消えている、という矛盾した状況を描いてください。
2028/05/21,金,No.03706,「時間」を食べる怪物,時計やカレンダーをムシャムシャと食べることで、その地域の「時間」を奪い去る怪物を描いてください。怪物が食べた場所だけが時間が止まったり、老化が停止したりしている様子も表現してください。
2028/05/22,土,No.03707,カラスに教えを請う学者,大学の教授や学者が、図書館や研究室で、人間の言葉を話すカラス（あるいはフクロウ）を先生として、真剣に講義を受けたり、質問したりしている様子を描いてください。
2028/05/23,日,No.03708,手のひらサイズの火山,一人の人物が手のひらを広げると、その中央で小さな火山が活動しており、煙や溶岩を噴出させている様子をマクロで描いてください。
2028/05/24,月,No.03709,沈黙の楽譜,オーケストラが演奏している楽譜が、五線譜に音符が書かれているのではなく、休符や空白ばかりで埋め尽くされている。しかし演奏者たちはそこから壮大な音楽を読み取って演奏している様子を描いてください。
2028/05/25,火,No.03710,生きたタトゥー,人の肌に彫られたタトゥー（龍や花など）が、肌の上で実際に動き回ったり、色を変えたり、時には肌から飛び出して独立して行動したりする様子を描いてください。
2028/05/26,水,No.03711,涙で飛ぶ飛行船,飛行船の燃料が「人々の悲しみの涙」であり、集められた涙を燃やす（あるいは気化させる）ことで浮力を得て空を飛んでいる、悲しくも美しい機械を描いてください。
2028/05/27,木,No.03712,重力が垂直でない街,人々が歩く地面が壁や天井にも存在し、重力が様々な方向（横向きや斜め上）に向かって働いているため、人々が壁面を「下」として歩いたり、建物が横向きに建っていたりする奇妙な都市を描いてください。
2028/05/28,金,No.03713,物語を修正する消しゴム,消しゴムが、印刷された本の文字を消すと、その物語の展開（例：主人公がピンチになる）がリアルタイムで書き換えられ、ハッピーエンドに変わっていく様子を生成してください。
2028/05/29,土,No.03714,原子核の周りを回る惑星,原子模型図（原子核の周りを電子が回っている）のスケールが逆転し、中心の小さな太陽（原子核）の周りを、地球や火星のような巨大な惑星（電子）が猛スピードで公転している宇宙空間を描いてください。
2028/05/30,日,No.03715,産業革命時代の魔法使い,もし産業革命期に魔法が実用化されていたら。蒸気機関で動く魔法の杖や、歯車仕掛けのゴーレムが、石炭で汚れたロンドンの街で稼働している様子を描いてください。
2028/05/31,月,No.03716,恐怖を可視化する眼鏡,特別な眼鏡をかけると、人々が漠然と感じている「恐怖」や「不安」が、その人の周りにまとわりつく黒い霧や、小さな化け物の姿として目に見えるようになる状況を描いてください。
2028/06/01,火,No.03717,サンゴ礁の摩天楼,海中に広がるサンゴ礁が、自然の造形ではなく、ニューヨークの摩天楼のような高層ビル群の形をしており、カラフルな魚たちがそのビルの谷間を泳いでいる風景を生成してください。
2028/06/02,水,No.03718,現実を編集する夢,眠っている人が見る夢の内容（例：夢の中で壁を赤く塗る）が、そのまま現実の部屋に反映され、朝起きると部屋の壁が本当に赤くなっているという、夢と現実がリンクした状況を描いてください。
2028/06/03,木,No.03719,白雪姫、エイリアンと遭遇,森の中で倒れている白雪姫を、七人の小人ではなく、グレイタイプの小さなエイリアンたちが宇宙船のそばで囲み、不思議そうに調査している様子を描いてください。
2028/06/04,金,No.03720,音の波紋が見える世界,人々が話す声や物音が、水面に広がる波紋のように、空気中を色とりどりの波として伝わっていくのが目に見える世界を描いてください。
2028/06/05,土,No.03721,シュルレアリスム風の取扱説明書,家電製品の取扱説明書が、ダリやマグリットの絵画のように、非現実的で奇妙なイラスト（例：溶ける時計の使い方、空飛ぶ魚の充電方法）で構成されている様子を生成してください。
2028/06/06,日,No.03722,ファストフード店の禅僧,忙しいファストフード店のレジで、一人の禅僧が、客の注文（「ビッグマックセット、ポテトLで」）に対して、動じることなく、ゆっくりとした動作と禅問答のような言葉で対応している様子を描いてください。
2028/06/07,月,No.03723,「火のないところに煙は立たぬ」の反証,火（火事や焚き火）が全く存在しない雪原や水中から、もくもくと煙だけが立ち上っている奇妙な風景を描いてください。
2028/06/08,火,No.03724,羽毛の鎧,騎士が身につけている鎧が、鋼鉄ではなく、鳥の柔らかい羽毛でびっしりと覆われている。しかし、その羽毛の鎧が鋼鉄以上に強固で、剣や矢を弾き返している様子を描いてください。
2028/06/09,水,No.03725,思考が物質化する会議室,会議室で人々がアイデアを出すと、その「アイデア」が頭上から物理的な物体（電球、歯車、あるいは奇妙なオブジェ）として現れ、テーブルの上に積み上がっていく様子を描いてください。
2028/06/10,木,No.03726,過去にしか届かない電話,古い黒電話が、未来や現在ではなく、必ず過去の特定の時間（例：10年前の自分）にしか繋がらない。その電話で過去の自分と会話している人物を描いてください。
2028/06/11,金,No.03727,呪いが花になる村,その村では、人々がかけられた「呪い」や「悪意」が、当人の体から美しい（しかし少し毒々しい）花となって咲き誇る。村人たちはその花を身につけて生活している様子を描いてください。
2028/06/12,土,No.03728,忘却の司書,図書館の司書が、本に知識を詰めるのではなく、人々から「忘れたい記憶」を吸い出し、それを「忘却の書」として本棚に封印していく儀式的な様子を描いてください。
2028/06/13,日,No.03729,砂漠に浮かぶ鳥居の群れ,見渡す限りの砂漠の風景の中に、海や森にあるはずの朱色の鳥居が、まるで蜃気楼のように無数に浮かび、連なっている幻想的な風景を生成してください。
2028/06/14,月,No.03730,ハンマーに指示される大工,大工が家を建てているが、その手元のハンマーが自律的に動き、大工に対して「そこじゃない」「もっと強く叩け」と指示（吹き出しや光で）を出している様子を描いてください。
2028/06/15,火,No.03731,幸福が伝染病になる世界,一人が幸福を感じると、その「幸福感」がウイルスのように周囲の人々に伝染し、街中の人々が理由もなく笑い転げ、踊りだすパンデミックの様子を描いてください。
2028/06/16,水,No.03732,経験を売買する市場,人々が自分の「経験」（例：「初めて空を飛んだ経験」「失恋の経験」）を結晶やデータチップにして、市場で売買している近未来的な風景を描いてください。
2028/06/17,木,No.03733,1kmが1秒で進む道,ある特定の道だけ、物理的な距離（1km）が時間（1秒）として認識され、その道を歩くと一瞬で長距離を移動できるが、同時に急激に歳をとる（あるいは時間が進む）様子を描いてください。
2028/06/18,金,No.03734,青い色の「甘い」音,「青色」が、目に見えるだけでなく、非常に「甘い」音（音楽）として聞こえてくる世界。青空や青い花を見ながら、人々がうっとりとその「音」に耳を傾けている様子を描いてください。
2028/06/19,土,No.03735,風船のように軽い鉄骨,建設現場で使われる巨大な鉄骨が、作業員のくしゃみで吹き飛んでしまうほど軽く、風船のように空に浮かんでしまい、作業員が慌ててそれを掴まえようとしている様子を生成してください。
2028/06/20,日,No.03736,体の内側が宇宙空間,人間のシルエットの内側が、皮膚や内臓ではなく、星々が輝く広大な宇宙空間になっている様子を、神秘的に描いてください。
2028/06/21,月,No.03737,走る彫像,博物館や公園に設置されている、静止しているはずの銅像や大理石像が、夜中にマラソン大会を開催し、真剣な表情で街中を走っている様子を描いてください。
2028/06/22,火,No.03738,時計の形をした鳥,空を飛ぶ鳥の姿が、鳩やカラスではなく、文字盤と針がついた「時計」の形をしており、その針の動きで時間を告げながら飛んでいる様子を生成してください。
2028/06/23,水,No.03739,咲き続ける枯れ木,完全に枯れて葉も落ちた大木が、なぜか満開の桜や色鮮やかな花を咲かせ続けている、生と死が同居した不思議な風景を描いてください。
2028/06/24,木,No.03740,全体が部分より小さい世界,リンゴ全体が、そのリンゴの「種」よりも小さく描かれている、あるいは地球全体が、その上の一軒の家よりも小さく描かれている、スケール感が破綻した世界を描いてください。
2028/06/25,金,No.03741,恐竜時代のスマートフォンユーザー,ティラノサウルスが闊歩するジュラ紀のジャングルで、原始人が火をおこす代わりに、スマートフォンをいじって情報を検索している様子を描いてください。
2028/06/26,土,No.03742,卵が先か鶏が先かの無限ループ,鶏が卵を産み、その卵が孵化して鶏になり、その鶏がまた卵を産む…というプロセスが、一本の線上で無限にループしている様子を、エッシャーのだまし絵風に描いてください。
2028/06/27,日,No.03743,一人が群衆になる瞬間,一人の人物が歩いていると、その人物から分身が次々と現れ、一瞬にして大勢の群衆（しかし全員同じ顔）に変わる瞬間を描いてください。
2028/06/28,月,No.03744,「希望」の重さを測る天秤,アンティークな天秤の一方の皿に「希望」という概念（光の玉や抽象的な形）が乗せられ、もう一方の皿にはその重さに見合うだけの金塊や重りが積まれている様子を描いてください。
2028/06/29,火,No.03745,必ず裏が出るコイン,コイントスをすると、何度やっても、どのような投げ方をしても、必ず「裏」しか出ない。そのコインを不思議そうに見つめる人々を描いてください。
2028/06/30,水,No.03746,単純な迷路（しかし誰も解けない）,見た目は非常に単純な一本道、あるいは簡単な迷路なのに、誰もゴールにたどり着けず、人々がその中で永遠に迷い続けている不条理な様子を描いてください。
2028/07/01,木,No.03747,無限に続くエスカレーター,ビルのエスカレーターが、どの階にも繋がっておらず、ただひたすら空に向かって（あるいは地下に向かって）無限に伸び続けている様子を、シュールに描いてください。
2028/07/02,金,No.03748,不可能を可能にする設計図,「永久機関」や「四角い円」など、物理的・論理的に不可能なものを製造するための詳細な設計図が、真面目な顔で描かれている様子を生成してください。
2028/07/03,土,No.03749,ゼロの重さ,「0」という数字が書かれた重りが、実際には無限の重さ（あるいは負の重さ）を持っており、シーソーの片側に乗せると地球全体が持ち上がってしまうような、概念が物理法則を歪める様子を描いてください。
2028/07/04,日,No.03750,「犬」と呼ばれる猫,見た目はどう見ても猫（三毛猫やシャム猫）だが、周囲の人々が当たり前のように「犬」と呼び、犬のように散歩させたり、「ワン」と鳴くことを期待したりしている日常風景を描いてください。
2028/07/05,月,No.03751,死から始まる人生,人間が老人（死の直前）の姿で生まれ、徐々に若返っていき、最終的に赤ん坊の姿で「始まり」（誕生）を迎えるという、時間が逆行する人生のサイクルを描いてください。
2028/07/06,火,No.03752,答えが先に見つかるクイズ,クイズ番組で、まず「答えはリンゴです」と提示され、その後で司会者や回答者が必死になって「その答えに合う質問」を考えている様子を生成してください。
2028/07/07,水,No.03753,努力が報われないジム,ジムで人々が必死にトレーニング（ランニング、ウェイトリフティング）をすればするほど、筋肉が落ちて痩せ細り、体力がなくなっていく皮肉な状況を描いてください。
2028/07/08,木,No.03754,過去を予測する水晶玉,占い師が水晶玉を覗き込んでいるが、そこに映し出されているのは未来の出来事ではなく、相談者がすでに経験した過去の出来事（例：昨日の夕食）であり、それを「予測」として語っている様子を描いてください。
2028/07/09,金,No.03755,統一された反逆者,全員が「体制反対」のスローガンを掲げているが、服装、髪型、行動がすべてマニュアルで統一されており、指導者の号令で一斉に行動する、矛盾した反乱軍を描いてください。
2028/07/10,土,No.03756,騒がしい瞑想,瞑想（ヨガや座禅）をしている人々が、静寂を求めるどころか、大声で叫んだり、ロックミュージックを大音量で流したりしながら、それでも深い瞑想状態に入っている様子を生成してください。
2028/07/11,日,No.03757,失敗の表彰式,発明コンテストで、最も壮大に、あるいは最も馬鹿馬鹿しく「失敗」した発明品（例：爆発したトースター）が優勝し、開発者が涙ながらにトロフィーを受け取っている様子を描いてください。
2028/07/12,月,No.03758,美しいゴミ処理場,都市のゴミ処理場や廃棄物の山が、悪臭や汚染の源ではなく、色とりどりの宝石や万華鏡のようなパターンを織りなす、非常に美しい観光名所になっている風景を描いてください。
2028/07/13,火,No.03759,真実を隠すための「真実」,政治家や指導者が、何かを隠蔽するために、あえて別の（どうでもいい）「真実」を大声で連呼し、人々の注意をそらそうとしている様子を風刺的に描いてください。
2028/07/14,水,No.03760,愛ゆえの拷問,愛する対象（恋人やペット）を、あまりにも愛しすぎるがゆえに、過剰な束縛や監視、あるいは苦痛を与えることでしか愛情を表現できない、歪んだ関係性を描いてください。
2028/07/15,木,No.03761,希望の牢獄,人々が「いつか良くなる」という強い希望を抱き続けることで、現状の劣悪な環境（牢獄やスラム）から抜け出す行動を起こせず、結果的にその希望によって縛り付けられている様子を描いてください。
2028/07/16,金,No.03762,不自由な億万長者,莫大な富を持つ億万長者が、その資産を守るためのセキュリティや、世間の目、複雑な人間関係によって、一切の自由（外出、食事、交友）を奪われ、金色の鳥かごの中で暮らしている様子を描いてください。
2028/07/17,土,No.03763,知識の重荷,知識を得れば得るほど、その知識が物理的な重荷（巨大な本や岩）となってその人の背中に積み重なり、最終的には重さで動けなくなってしまう学者の姿を描いてください。
2028/07/18,日,No.03764,弱いチャンピオン,ボクシングや格闘技のチャンピオンベルトを巻いている人物が、非常に臆病でひ弱であり、挑戦者ではなく、小さな蝶や自分の影に怯えている様子をコミカルに描いてください。
2028/07/19,月,No.03765,ゆっくり進む光,光が、秒速30万kmではなく、人間が歩くのと同じくらいの速度でゆっくりと進んでいる世界。懐中電灯をつけると、光の玉がゆっくりと飛んでいく様子を描いてください。
2028/07/20,火,No.03766,明るい夜空,夜になっても太陽が沈まず、空が真昼のように明るい。しかし、人々はそれを「夜」として認識し、パジャマを着て眠ろうとしたり、フクロウが活動したりしている、白夜とは異なる奇妙な夜を描いてください。
2028/07/21,水,No.03767,燃える氷,氷（氷河や氷の彫刻）が、溶けるのではなく、赤い炎を上げて激しく燃えている様子を、物理法則を無視して描いてください。
2028/07/22,木,No.03768,柔らかいダイヤモンド,世界で最も硬いはずのダイヤモンドが、粘土やスライムのように柔らかく、指で簡単に形を変えたり、伸ばしたりできる様子を描いてください。
2028/07/23,金,No.03769,苦いケーキ,見た目は非常に甘そうで美しいデコレーションケーキだが、一口食べると耐え難いほど苦い。しかし人々はそれを高級品として、我慢しながら（あるいは恍惚として）食べている様子を描いてください。
2028/07/24,土,No.03770,香水のような排気ガス,自動車や工場の煙突から排出される排気ガスが、黒い煙や悪臭ではなく、虹色に輝く美しい霧であり、芳しい香水を撒き散らしている様子を描いてください。
2028/07/25,日,No.03771,調和したノイズバンド,バンドが演奏しているのが、楽器ではなく、ドリルや掃除機、チェーンソーなどの「騒音」が出る道具だけだが、それらが完璧に調和し、美しい交響曲のような音楽を生み出している様子を生成してください。
2028/07/26,月,No.03772,混沌としたチェス,チェスの盤面で、駒がルール（秩序）に従って動くのではなく、それぞれが自由意志を持ったかのように、盤上をカオスに動き回り、戦っている様子を描いてください。
2028/07/27,火,No.03773,変化のないカーニバル,毎日がカーニバル（祭り）で、人々が仮装し、パレードが続く街。しかし、その光景が365日全く同じで、人々は変化のない「刺激」に飽き飽きしている様子を描いてください。
2028/07/28,水,No.03774,予測可能なカオス,火山の噴火や株式市場の暴落といった、本来は予測困難なカオス的現象が、時計のように正確なスケジュールで、毎回全く同じパターンで発生している様子を生成してください。
2028/07/29,木,No.03775,非論理的な探偵,探偵が事件を解決する際、証拠や論理的な推理を一切用いず、「犯人はヤギだから」「星がそう告げているから」といった非論理的な直感だけで、見事に真犯人を突き止める様子を描いてください。
2028/07/30,金,No.03776,非合理なダイエット,痩せるために、あえて高カロリーのジャンクフード（ハンバーガーやピザ）を大量に食べるという非合理なダイエット法を実践し、しかもなぜか成功してスリムになっている人物を描いてください。
2028/07/31,土,No.03777,静かなる戦争,二つの軍隊が、武器や爆発音を一切使わず、完全な沈黙の中で、睨み合ったり、ジェスチャーだけで戦ったりしている、奇妙に平和で緊張感のある戦争風景を描いてください。
2028/08/01,日,No.03778,溶ける大理石の柱,古代ギリシャ神殿のような荘厳な大理石の柱が、暑さや時間の経過によって、アイスクリームのようにドロドロに溶け出し、形を失っていく様子を描いてください。
2028/08/02,月,No.03779,飛行する古代の亀,甲羅の上に大陸や古代文明を乗せた巨大な亀が、海や地上ではなく、雲を突き抜け、宇宙空間をゆっくりと飛んでいる（泳いでいる）姿を生成してください。
2028/08/03,火,No.03780,甘い香りのする毒霧,街を覆う危険な毒霧が、見た目は美しくピンク色で、キャンディのような非常に甘い香りを放っており、人々がその香りに誘惑されてしまう様子を描いてください。
2028/08/04,水,No.03781,「孤独」の群れ,「孤独」という感情が擬人化（例：フードを被った小柄な人影）され、その孤独たちが一人でいることに耐えられず、集団で集まって群れをなし、一緒にいる（しかし互いに交流はしない）奇妙な様子を描いてください。
2028/08/05,木,No.03782,王に仕えるドラゴン,強力で誇り高いドラゴンが、人間の（しかも弱々しい）王様に対して、執事や召使いのようにかしずき、お茶を淹れたり、肩を揉んだりしている様子を生成してください。
2028/08/06,金,No.03783,ビルより高い一本の草,都市の摩天楼の真ん中に、一本だけ、ビル群を見下ろすほど巨大に成長した草（雑草）が生えており、風にそよいでいる風景を描いてください。
2028/08/07,土,No.03784,味の見えるレストラン,レストランで、シェフが作った料理の「味」（甘味、酸味、苦味など）が、オーラや光の粒子のように皿から立ち上り、客がその「味の形」を目で見て楽しんでいる様子を描いてください。
2028/08/08,日,No.03785,蔦に覆われたアンドロイド,森の奥深くで、何百年も放置されたアンドロイド（ロボット）が、完全に動力を失い、全身を蔦や苔、花々に覆われ、自然の一部と化している様子を、美しくも物悲しく描いてください。
2028/08/09,月,No.03786,雲で網を作る漁師,漁師が船の上から、海ではなく空に向かって網を投げ、漂う「雲」を魚のように捕獲しようとしている幻想的な風景を生成してください。
2028/08/10,火,No.03787,影が本体の世界,人間や物体の「影」の方が実体を持ち、影が自由に動き回ったり、食事をしたりしている。一方、本体（人間や物体）は影に引きずられるようにして、ぼんやりと存在している世界を描いてください。
2028/08/11,水,No.03788,色を盗むカメラ,そのカメラで写真を撮ると、被写体（花や風景）から色が失われ、モノクロになってしまう。代わりに、カメラ（あるいは写真）がその色を吸い取って鮮やかに輝いている様子を描いてください。
2028/08/12,木,No.03789,細菌レベルの都市計画,顕微鏡を覗き込むと、ペトリ皿の中の細菌や微生物たちが、人間が設計したかのような整然とした都市（道路、ビル、公園）を形成し、コロニーを運営している様子を描いてください。
2028/08/13,金,No.03790,ヴァイキング時代の宇宙船,北欧のヴァイキングたちが、木製のロングシップ（ドラゴン船）に乗り込んでいるが、その船が帆の代わりにロケットエンジンを搭載し、宇宙空間（例：土星の輪）を航行している様子を描いてください。
2028/08/14,土,No.03791,優しさのトゲ,ある人物が他人に「優しさ」を示すと、その優しさ（言葉や行動）が鋭いトゲとなって相手に突き刺さり、相手を傷つけてしまうが、本人は善意で行っているという皮肉な状況を描いてください。
2028/08/15,日,No.03792,ネオン管の森,森の木々が、幹や枝がネオン管でできており、夜になると赤や青、緑に怪しく発光している。動物たちもサイバネティックな姿をしている、テクノロジーと自然が融合した森を描いてください。
2028/08/16,月,No.03793,現実をデバッグする人々,現実世界に起こる不具合（例：物理法則のバグ、テクスチャの剥がれ）を、プログラマーのような人々がノートPCを開き、コンソール画面で「デバッグ」して修正している様子を生成してください。
2028/08/17,火,No.03794,赤ずきん、狼と共謀する,童話「赤ずきん」の赤ずきんが、実は狼とグルで、おばあさん（あるいは猟師）を罠にはめるために、笑顔で狼とハイタッチしたり、作戦会議をしたりしている様子を描いてください。
2028/08/18,水,No.03795,π（パイ）の空,空全体が、円周率（3.141592...）の無限に続く数字の羅列で埋め尽くされており、人々がその空を見上げている、数学的な法則が可視化された世界を描いてください。
2028/08/19,木,No.03796,アール・デコ様式の火星基地,火星の赤い大地に建設された人類の基地が、機能性重視のドームではなく、1920年代のアール・デコ様式（幾何学模様、金色の装飾、流線型）で豪華絢爛にデザインされている様子を描いてください。
2028/08/20,金,No.03797,教室にいる一頭の象,学校の教室で、生徒たちと一緒に、一頭のアフリカ象が（なぜか生徒用の小さな椅子に）窮屈そうに座り、真面目に授業を受けている。しかし教師も生徒も誰も気にしていない様子を描いてください。
2028/08/21,土,No.03798,「火に油を注ぐ」消防士,火災現場で、消防士が消火ホースから水ではなく、ガソリンや油を噴射し、火の勢いをさらに強めている。しかし本人は真剣な顔で「消火活動」をしているつもりの様子を描いてください。
2028/08/22,日,No.03799,意思を持つ雲,空に浮かぶ雲が、ただ風に流されるのではなく、明確な意思を持って特定の形（例：怒った顔、動物の形）に変化したり、人々を追いかけたり、雨を降らせる場所を選んだりしている様子を生成してください。
2028/08/23,月,No.03800,ニュースを食べる怪物,テレビや新聞、スマートフォンの画面から流れる「ニュース（情報）」を、物理的にムシャムシャと食べる怪物を描いてください。怪物がネガティブなニュースを食べるほど、世の中が平和になっていく様子も表現してください。
2028/08/24,火,No.03801,無重力水族館,水槽の中ではなく、建物全体が水で満たされた無重力の空間を、宇宙服を着た観客と巨大なクジラや魚たちが一緒にゆったりと泳いでいる水族館。
2028/08/25,水,No.03802,静止した滝,激しく流れ落ちるはずの巨大な滝が、空中で完全に静止している。水しぶきの一粒一粒までが凍りついたかのように止まっているが、周囲の木々や雲は通常通り動いている。
2028/08/26,木,No.03803,影に色がある世界,すべての人や物の影が、本体の色とは全く異なる鮮やかなネオンカラー（ピンク、緑、青など）で地面や壁に映し出されている街角の風景。
2028/08/27,金,No.03804,音を食べる怪物,図書館や静かなカフェに潜み、人々が立てる物音（咳、ページの音、カップの音）を触手のようなもので次々と吸い取って食べる、透明に近いゼリー状の小さな怪物。
2028/08/28,土,No.03805,記憶で建てられた家,レンガや木材の代わりに、持ち主の過去の記憶が結晶化した、様々な色や形のブロックで建てられた家。あるブロックは明るく輝き、あるブロックは暗く濁っている。
2028/08/29,日,No.03806,骨董品の未来都市,すべての建物や乗り物（空飛ぶ車など）が、アール・デコやヴィクトリア朝時代のアンティーク家具のような、精巧な装飾が施されたデザインで統一されている未来都市。
2028/08/30,月,No.03807,悲しみを燃料にする列車,蒸気機関車が、人々の悲しみや涙を集めて燃料にし、真っ黒な煙の代わりに虹色の蒸気を吐き出しながら荒野を走っている。乗客は皆、泣いている。
2028/08/31,火,No.03808,笑うことを禁じられたサーカス,ピエロも曲芸師も動物たちも、一切の笑顔や楽しそうな表情を見せずに、淡々と超絶技巧のパフォーマンスを披露している。観客も真顔で拍手をしている。
2028/09/01,水,No.03809,水墨画で描かれたネオン街,東京の新宿や渋谷のような、眩しいネオンサインがひしめくサイバーパンクな都市が、伝統的な水墨画の技法（濃淡、かすれ、余白）のみで描かれている。
2028/09/02,木,No.03810,雲を編む老人,高い山の頂上で、老人が編み棒を使い、空に浮かぶ雲を毛糸のように手繰り寄せ、巨大なセーターやマフラーを編んでいる。
2028/09/03,金,No.03811,文字が逆さまに降る街,雨や雪の代わりに、様々な言語の活字や文字（ひらがな、漢字、アルファベット）が空からゆっくりと逆さまに（下から上へ）降っている街。人々は傘を逆さに持って文字を集めている。
2028/09/04,土,No.03812,鏡の中だけが老いる男,見た目は若々しい青年の男が鏡の前に立っている。しかし、鏡に映る姿だけは、しわくちゃの老人になっている。
2028/09/05,日,No.03813,植物でできたオーケストラ,バイオリンやチェロが木から生え、トランペットがラッパ水仙の形をしており、指揮者が柳の枝でタクトを振る、すべて植物で構成されたオーケストラが森の中で演奏している。
2028/09/06,月,No.03814,感情によって天候が変わる島,島の人々の感情が直接天気に反映される。誰かが怒ると雷雨になり、喜ぶと快晴になる。島全体が激しい感情の嵐で、天気が数分ごとに入れ替わっている。
2028/09/07,火,No.03815,臆病なドラゴンスレイヤー,巨大なドラゴンの鱗に剣を突き立てている勇敢なはずの騎士が、実際には恐怖で腰を抜かし、涙と鼻水で顔をぐしゃぐしゃにしながら震えている。
2028/09/08,水,No.03816,重力を無視するバレリーナ,舞台の上でバレリーナが踊っているが、彼女だけが重力の影響を受けておらず、ジャンプすると天井近くまでふわりと浮かび上がり、ゆっくりと降りてくる。
2028/09/09,木,No.03817,地図から消えた色,世界から「青色」だけが失われた風景。空も海も青い花も、すべてが色あせた灰色や別の色（例えば黄色）に置き換わっている。人々は青色を思い出そうとしている。
2028/09/10,金,No.03818,本のページに住む人々,巨大な図書館で開かれた本のページに、小さな人々が街を作り、生活している。彼らにとって、本の文字は建物や障害物になっている。
2028/09/11,土,No.03819,星空を釣る漁師,夜の海で、漁師が船の上から釣り竿を垂らし、魚ではなく夜空に輝く星（ヒトデのような形）を釣り上げている。釣り上げられた星はバケツの中で光っている。
2028/09/12,日,No.03820,沈黙がうるさい部屋,完全に無音の部屋で、一人の人物が耳を塞いで苦悶の表情を浮かべている。静寂そのものが、耐え難い騒音として彼を襲っている様子。
2028/09/13,月,No.03821,過去を修復する時計職人,壊れた懐中時計を修理している時計職人。彼が時計の針を逆に戻すと、背景の窓の外の風景（例えば、壊れた建物）も同時に修復されていく。
2028/09/14,火,No.03822,夢を食べるバクと悪夢を吐き出すバク,悪夢を食べてくれるバクの隣で、食べた悪夢を現実世界に具現化（黒い煙や小さな怪物として）吐き出してしまう、対の存在のバク。
2028/09/15,水,No.03823,嘘で編まれたドレス,嘘をつくたびに糸が紡ぎ出され、それを使って豪華絢爛なドレスを織り上げている貴婦人。ドレスは美しく輝いているが、所々がほつれて真実（暗い色）が覗いている。
2028/09/16,木,No.03824,乾いたオアシス,砂漠の真ん中にあるオアシス。ヤシの木も湖も存在しているが、すべてが干からびており、湖はひび割れた地面になっている。しかし、そこにはなぜか多くの動物や旅人が集まっている。
2028/09/17,金,No.03825,機械仕掛けの神様,神社の本殿に祀られているのが、歯車と蒸気機関で動く複雑な機械仕掛けの人形（神様）であり、人々がそれを真剣に拝んでいる。
2028/09/18,土,No.03826,怠惰なアリと働き者のキリギリス,夏の間、キリギリスが汗水流して食料を運び、アリは木の陰で寝そべってバイオリンを弾きながらキリギリスに指示を出している。
2028/09/19,日,No.03827,銀河が渦巻くコーヒーカップ,カフェのテーブルに置かれたコーヒーカップ。その中のコーヒーが、ブラックホールを中心に銀河系のようにゆっくりと渦巻いており、小さな星々が輝いている。
2028/09/20,月,No.03828,言葉が物理的な重さを持つ世界,人々が話す「ありがとう」や「ごめんなさい」といった言葉が、物理的なブロックや重りとして実体化し、それを背負ったり運んだりしている。
2028/09/21,火,No.03829,未来を知りすぎた予言者の苦悩,すべてを見通す力を持つ予言者が、知りたくもない未来（例えば、友人の不幸）が見えてしまい、その知識の重さに耐えかねて一人で泣いている。
2028/09/22,水,No.03830,歌で建物を建てる建築家,建築家がクレーンや重機を使わず、特別なメロディーを歌うことで、地面からビルや橋がニョキニョキと生えてくるように建設されている現場。
2028/09/23,木,No.03831,冷たい炎,キャンプファイヤーの燃え盛る炎に手をかざしているが、その炎は一切熱くなく、むしろ触れると冷たい氷のようである。炎の色は青白い。
2028/09/24,金,No.03832,自分の影に怯える王様,豪華な玉座に座る威厳ある王様が、床に伸びる自分自身の影を見て、まるで怪物でも見るかのように怯え、玉座の陰に隠れようとしている。
2028/09/25,土,No.03833,忘れられた記憶の博物館,訪れる人もなく埃をかぶった博物館に、「忘れられた記憶」が展示されている。例えば、「初めて自転車に乗れた日の感動」と書かれた札の横に、錆びた自転車のベルが置いてある。
2028/09/26,日,No.03834,色が聞こえる画家,画家がキャンバスに向かい、絵の具を塗るたびに、その色に対応した音（赤はトランペット、青はチェロなど）がアトリエに響き渡っている。
2028/09/27,月,No.03835,空を泳ぐ潜水艦,青空（雲の中）を、まるで海の中を進むかのように潜水艦が泳いでいる。その下には、驚いて空を見上げる地上の人々。
2028/09/28,火,No.03836,涙で育つ花,少女が流す悲しみの涙が地面に落ちると、そこからだけ美しくも毒々しい、暗い色の花が咲き乱れていく。
2028/09/29,水,No.03837,石の心臓を持つ優しいロボット,胸部が開いて、ゴツゴツとしたただの石が心臓として収まっているロボットが、傷ついた小鳥を優しく手当てしている。
2028/09/30,木,No.03838,内側と外側が逆転した家,家の内部（家具や壁紙）が外側に露出しており、家の外側（レンガや屋根瓦）が内側（部屋の中）にある、奇妙な構造の家。
2028/10/01,金,No.03839,白黒の世界で一人だけ色のついた少女,街も人々もすべてがモノクローム（白黒）の世界で、一人の少女だけが鮮やかな赤いコートを着て、カラフルな風船を持っている。
2028/10/02,土,No.03840,終わりから始まる物語,本を読んでいると、最終ページ（結末）から物語が始まり、ページをめくるごとに過去（導入部）へと遡っていく。絵はその逆再生を描いている。
2028/10/03,日,No.03841,月を修理する宇宙飛行士,月面に降り立った宇宙飛行士たちが、月のクレーター（割れ目）を巨大なスパナや溶接機で修理している。
2028/10/04,月,No.03842,平和ボケした武器,戦場で使われるはずの戦車や戦闘機が、カラフルな花柄にペイントされ、公園の遊具として子供たちに使われている。
2028/10/05,火,No.03843,甘い毒薬,非常に美しい装飾が施された小瓶に入った、虹色に輝く液体（毒薬）。それを飲もうとする人物は、至福の表情を浮かべている。
2028/10/06,水,No.03844,知識が重すぎて動けない学者,あまりにも多くの本を読みすぎたため、その知識が物理的な重みとなって学者にのしかかり、床に積まれた本の山の中で身動きが取れなくなっている。
2028/10/07,木,No.03845,声が形になる世界,人々が話すと、その声が息の代わりに具体的な形（花、ナイフ、蝶など）となって口から飛び出し、宙を舞っている。
2028/10/08,金,No.03846,時間を逆走する川,川の水が海から山頂に向かって、勢いよく逆流している。その川に沿って、植物も枯れた状態から芽吹く状態へと逆行している。
2028/10/09,土,No.03847,プラスチックの森,木々や草花、動物たちまで、すべてが色とりどりのプラスチック（ビニールやペットボトル）でできた森。しかし、そこには本物のような生態系が存在している。
2028/10/10,日,No.03848,他人の夢にダイブする探偵,探偵が、依頼人の頭に特殊なヘルメットを装着させ、自分もケーブルで繋がって、依頼人が見る悪夢（混沌とした風景）の中に入り込み、事件の真相を探っている。
2028/10/11,月,No.03849,浮世絵で描かれた火星の日常,江戸時代の浮世絵のタッチで、火星の赤い大地に建てられた日本家屋、着物姿の火星人（タコ型）、空を飛ぶ木製の宇宙船などが描かれた風景。
2028/10/12,火,No.03850,沈黙を競うオークション,豪華なオークション会場で、人々が「沈黙」（いかに静かにできるか）を競り落としている。最も静かな入札者（身振り手振りも最小限）が高価な「静寂の壺」を落札する。
2028/10/13,水,No.03851,命を吸う鏡,美しいアンティークの鏡。その鏡を覗き込むと、鏡の中の自分はどんどん若返っていくが、現実の自分は逆に急速に老いていく。
2028/10/14,木,No.03852,砂漠に降る雪,灼熱の太陽が照りつける広大な砂漠に、雪が激しく降り積もっている。砂丘は白く覆われているが、雪は溶けることなく砂と混ざり合っている。
2028/10/15,金,No.03853,幽霊を怖がるお化け屋敷のオバケ,お化け屋敷で脅かす役のオバケ（ろくろ首や一つ目小僧）が、本物の（？）小さな幽霊の女の子に遭遇し、本気で怯えて逃げ回っている。
2028/10/16,土,No.03854,味のないフルコース,高級レストランで、見た目は完璧で非常に美味しそうなフルコース料理（前菜からデザートまで）が並んでいるが、食べた客は全員、全く味がしないことに困惑している。
2028/10/17,日,No.03855,怒りを動力源にする街,街全体の電力や動力が、市民の「怒り」によって賄われている。人々は街角の「怒鳴りボックス」で叫ぶことで街に貢献し、街は常に活気（と怒声）に満ちている。
2028/10/18,月,No.03856,デジタル世界のシャーマン,最先端のVR空間（サイバースペース）で、伝統的なシャーマンの衣装を着た人物が、データのバグやウイルスを「悪霊」として祓う儀式を行っている。
2028/10/19,火,No.03857,空飛ぶクジラの背に乗る遊牧民,巨大なクジラが雲海の上を悠々と泳いでおり、その背中にはテント（パオ）が張られ、遊牧民の家族が家畜（空飛ぶヤギ）と共に暮らしている。
2028/10/20,水,No.03858,影を縫い付ける仕立て屋,仕立て屋が、客（自分の影から逃げたい人）の影が本人から離れないように、特殊な光る糸を使って影を地面や壁に縫い付けている。
2028/10/21,木,No.03859,記憶を売る闇市,路地裏の怪しげな市場で、人々が自分の記憶（幸せな思い出、辛い記憶）が詰まった小瓶やUSBメモリを売買している。
2028/10/22,金,No.03860,水中で燃える火,深い海の底、沈没船のそばで、キャンプファイヤーのように木材が組まれ、水中にもかかわらず勢いよく炎を上げて燃えている。魚たちがその周りを泳いでいる。
2028/10/23,土,No.03861,笑い声で凍る湖,人々が楽しそうに笑うと、その笑い声に反応して湖の水面が端から急速に凍りついていく。静かになると氷は溶ける。
2028/10/24,日,No.03862,銅像になったストリートパフォーマー,広場でパフォーマンス（パントマイム）をしていたストリートパフォーマーが、そのポーズのまま本当に青銅の像に変わってしまい、鳩が頭に止まっている。
2028/10/25,月,"No.03863""",秩序正しいジャングル,熱帯雨林のジャングルだが、すべての木々や蔓、花が、まるで整然としたイギリス式庭園のように、完璧な幾何学模様や直線に刈り込まれている。
2028/10/26,火,No.03864,紙でできた嵐,海の上で巨大な嵐が発生しているが、その嵐が巻き上げているのは海水や雲ではなく、無数の本や新聞紙、手紙のページである。
2028/10/27,水,No.03865,自分の尻尾を追いかける賢者,非常に賢く威厳のある賢者（長い髭の老人）が、子供のように夢中になって、自分の尻尾（もし生えていたら、という仮定）を捕まえようと、その場でクルクル回っている。
2028/10/28,木,No.03866,モノクロ映画の中の現実,映画館のスクリーンに映るモノクロ映画。しかし、スクリーンの中の登場人物（例えば、探偵）だけが、スクリーンから半身を乗り出して、カラフルな現実世界の観客に話しかけている。
2028/10/29,金,No.03867,天国への行列に飽きた天使,天国の門の前には、聖人や善人たちの長い行列ができている。しかし、門番をしている天使は、その単調な仕事に飽き飽きして、あくびをしたり、スマホをいじったりしている。
2028/10/30,土,No.03868,ノイズを奏でるバイオリニスト,コンサートホールで、タキシードを着たバイオリニストが、非常に高価そうなバイオリン（ストラディバリウス）を使い、意図的に耳障りなノイズや不協和音だけを真剣な表情で奏でている。
2028/10/31,日,No.03869,肉体を持つインターネット,インターネットの「情報」が、物理的な肉体（人間や動物の形）を持って街を歩き回っている。フェイクニュースは醜い怪物の姿、知識は賢者の姿をしている。
2028/11/01,月,No.03870,主（あるじ）より賢い魔法の剣,勇者が魔法の剣を掲げているが、その剣（柄の部分に顔がある）が勇者に向かって「違う、そっちじゃない」「もっと腰を入れろ」とダメ出しをしている。
2028/11/02,火,No.03871,空腹な金庫,銀行の巨大な金庫室。しかし、金庫が求めているのは金塊や現金ではなく、新鮮な果物や美味しい料理であり、口のように開いた扉で食べ物を要求している。
2028/11/03,水,No.03872,垂直な川,街の真ん中を、川が地面と垂直に、つまり空に向かって（あるいは空から地面に）まっすぐな「水の壁」として流れている。
2028/11/04,木,No.03873,優しい独裁者,国民から絶大な人気を誇る独裁者。彼は常に笑顔で、子供を抱き上げたり、貧しい人々に食事を配ったりしているが、その背後には武装した秘密警察が国民を監視している。
2028/11/05,金,No.03874,色を失った虹,雨上がりの空に虹がかかっているが、その虹は七色ではなく、すべてが灰色（グラデーション）になっている。人々はそれを見て絶望している。
2028/11/06,土,No.03875,出口しかない迷路,入るための入り口がどこにも存在しない、巨大で複雑な迷路。人々は迷路の内側で生まれ、唯一の「出口」を探して彷徨っている。
2028/11/07,日,No.03876,文字通りの「炎上」,SNS（スマホ画面）で「炎上」している投稿。そのスマホが、比喩ではなく物理的に発火し、激しく燃えている。持ち主は慌てて水をかけようとしている。
2028/11/08,月,No.03877,眠らない街の永眠,24時間ネオンが輝き続ける「眠らない街」。しかし、その街の住民も建物も、すべてが深い眠り（活動停止）に陥っており、ネオンだけが虚しく点滅している。
2028/11/09,火,No.03878,ガラスで編んだセーター,透明なガラスの繊維で編まれた、非常に繊一だが重くて硬そうなセーター。それを着ている人物は、動きにくそうにしている。
2028/11/10,水,No.03879,歌うことで相手を呪う聖歌隊,純白の衣装を着た美しい聖歌隊が、教会で神々しい賛美歌を歌っている。しかし、その歌声は実際には強力な呪いであり、聞いている人々が苦しみだす。
2028/11/11,木,No.03880,地中に沈む摩天楼,かつて栄華を極めた未来的な摩天楼群が、まるで砂漠の砂に沈むように、ゆっくりと地中に沈んでいき、ビルの先端だけが地上に見えている。
2028/11/12,金,No.03881,自分の顔を忘れた人々,街を歩く人々が、全員「のっぺらぼう」のように顔がない。彼らは鏡やショーウィンドウを見て、自分の顔を必死に思い出そうとしている（あるいは、他人の顔を描こうとしている）。
2028/11/13,土,No.03882,有毒な楽園,見た目は息をのむほど美しい熱帯の島。色鮮やかな花が咲き乱れ、青い海が広がっているが、空気も水も植物もすべてが猛毒で、防護服なしでは一瞬も生きられない。
2028/11/14,日,No.03883,過去の自分とチェスをする老人,公園のベンチで、一人の老人がチェス盤を挟んで座っている。対戦相手は、若かりし頃の自分（服装や髪型が違う）の幻影であり、真剣に勝負している。
2028/11/15,月,No.03884,コンクリートのジャングル（文字通り）,大都市のビル群が、本物のジャングルの木々のように無秩序に成長し、蔓（ケーブル）を絡ませ合い、コンクリートの葉を茂らせている。
2028/11/16,火,No.03885,感情のないロマンチスト,見た目は無表情で感情の起伏が全くないロボットが、非常にロマンチックな行動（夕焼けの見える丘で花束を差し出す、詩を書くなど）をとっている。
2028/11/17,水,No.03886,重すぎる光と軽すぎる闇,太陽から放たれる光が、まるで鉛のように重く、地面に当たるとクレーターを作る。一方、夜の闇は非常に軽く、風船のように空に浮かんでいく。
2028/11/18,木,No.03887,成功者の廃墟,大成功を収めた（トロフィーや賞状が散乱している）豪華なペントハウス。しかし、持ち主は不在で、部屋は完全に荒廃し、廃墟と化している。
2028/11/19,金,No.03888,浮遊する墓地,墓石や十字架が、重力に逆らって空中に浮かんでいる墓地。人々は、気球やハシゴを使って、浮かぶ墓に花を手向けようとしている。
2028/11/20,土,No.03889,音符でできた鳥,五線譜の上を飛んでいる鳥。しかし、その鳥の体はすべて音符（ト音記号、四分音符など）で構成されており、飛びながら音楽を奏でている。
2028/11/21,日,No.03890,嘘発見器をパスする正直者,正直者で有名な人物が嘘発見器にかけられている。彼は「私は嘘つきだ」と真実（？）を語るが、嘘発見器は「真実」と判定し、混乱して煙を吹く。
2028/11/22,月,No.03891,海に沈んだ砂漠,海底（魚やサンゴ礁が見える）に、広大な砂漠（砂丘、サボテン）が広がっている奇妙な風景。
2028/11/23,火,No.03892,未来の化石,未来の地層から発掘された「化石」。それは、スマートフォンやペットボトル、ドローンなど、現代の（あるいは未来の）人工物の化石である。
2028/11/24,水,No.03893,透明な壁にぶつかる鳥,鳥たちが青空を飛んでいるが、何もないはずの空中に見えない「透明な壁」があり、次々とぶつかって落ちていく。（空が偽物であるかのような）
2028/11/25,木,No.03894,アナログなAI,最新のAI（人工知能）が、巨大な蒸気機関や歯車、パンチカードで動く、非常にアナログでレトロフューチャーな機械の姿で描かれている。
2028/11/26,金,No.03895,静かなる絶叫,美術館に飾られた肖像画。描かれた人物（貴婦人）は、口を固く閉じているが、その目や表情は、声にならない凄まじい絶叫を上げている。
2028/11/27,土,No.03896,悪夢を売る店,人々が「良い夢」を見るために「悪夢」を買い取る（引き受ける）店。店主は、客から引き取った悪夢（黒い球体）を棚に並べている。
2028/11/28,日,No.03897,自分の意志で動くタトゥー,人物の腕に彫られた龍のタトゥー。そのタトゥーが、本人の意志とは関係なく、腕の上を自由に動き回り、時には腕から飛び出して独立して行動しようとしている。
2028/11/29,月,No.03898,枯れた世界樹,世界を支えるとされる巨大な「世界樹」。しかし、その木は完全に枯れており、枝は折れ、葉は一枚もない。だが、その枯れ木からなぜか新しい生命（小さな光）が生まれようとしている。
2028/11/30,火,No.03899,臆病な救世主,世界を救う運命にある「救世主」。しかし、本人はその重責に耐えられず、マントを被って部屋の隅で「誰か他の人にやらせて」と泣きながら震えている。
2028/12/01,水,No.03900,論理的な幽霊,自分は死んでいる（非論理的）だが、なぜここに存在するのかを、物理法則や数学（論理）を使って必死に説明（証明）しようとしている幽霊。
2028/12/02,木,No.03901,ダイヤモンドの雨が降るスラム街,最も貧しいスラム街に、空から大粒のダイヤモンドが雨のように降り注いでいる。しかし、住民たちはそれを拾うでもなく、ただの厄介な「硬い雨」として傘で避けている。
2028/12/03,金,No.03902,無人の玉座,豪華絢爛な城の一番奥にある、巨大で威厳のある玉座。しかし、そこには王の姿はなく、代わりに一匹の野良猫が丸くなって眠っている。
2028/12/04,土,No.03903,氷河期に咲くハイビスカス,すべてが氷と雪で覆われた極寒の地（氷河期）。その氷の割れ目から、場違いな真紅のハイビスカスが、凍ることなく元気に咲いている。
2028/12/05,日,No.03904,戦う平和主義者,「平和」や「愛」と書かれたプラカードを盾にし、ハトの模型が先端についた槍（武器）を持って、戦争を止めるために（皮肉にも）戦場で戦っている活動家。
2028/12/06,月,No.03905,子供に諭される裁判官,法廷で、威厳のある法服を着た裁判官が、証言台に立った幼い子供から「本当に大切なこと」を諭され、ぐうの音も出ずに真剣に聞き入っている。
2028/12/07,火,No.03906,円周率の森,森の木々が、円周率（3.14159...）の数列の順序と規則性に従って、完璧なパターンで生えている。上空から見ると、森全体が巨大な円周率の模様を描いている。
2028/12/08,水,No.03907,影のない世界,強い太陽が照っているにもかかわらず、人や建物、木々など、すべてのものに一切の「影」が存在しない世界。風景は非常に平面的で、奇妙な違和感がある。
2028/12/09,木,No.03908,甘い香りのする地獄,地獄の風景（炎、拷問など）が描かれているが、そこからは硫黄の匂いではなく、綿菓子や焼きたてのクッキーのような、非常に甘く誘惑的な香りが漂っている。
2028/12/10,金,No.03909,記憶を逆再生する老人,老人が、赤ん坊に向かって歩き（後ろ歩き）、徐々に若返っていく。彼の人生が、死から誕生に向かって逆再生されている。
2028/12/11,土,No.03910,文字が消えていく図書館,図書館の本棚に並ぶ本。しかし、開くと同時にそのページから文字がパラパラと剥がれ落ち、ただの白紙に戻っていく。司書は必死に文字を集めている。
2028/12/12,日,No.03911,重力方向がバラバラな街,エッシャーのだまし絵のように、ある人は壁を歩き、ある人は天井からぶら下がり、ある人は普通に地面を歩いている。それぞれの重力方向が異なる人々が共存する街。
2028/12/13,月,No.03912,泣き虫な暴君,国民を恐怖で支配する冷酷な暴君。しかし、自分の部屋に戻ると、些細なこと（ペットが懐かないなど）で、子供のように声を上げて泣きじゃくっている。
2028/12/14,火,No.03913,雑草だらけの整地された庭,完璧に手入れされ、整地された（石や砂利が敷き詰められた）日本庭園。しかし、その庭を覆い尽くすように、生命力溢れる雑草（タンポポやスギナ）が猛烈な勢いで生い茂っている。
2028/12/15,水,No.03914,音を視覚化する耳栓,特殊な耳栓をすると、周囲の音（会話、音楽、車の音）が、カラフルな光の粒子やオーロラのような模様として目に見えるようになる。
2028/12/16,木,No.03915,水よりもろい鋼鉄,鋼鉄でできた巨大な橋。しかし、その鋼鉄は水や風に触れると、クッキーのようにボロボロと崩れ落ちていく。
2028/12/17,金,No.03916,真実を映す歪んだ鏡,覗き込むと、その人の「真実の姿（内面や本性）」を映し出す鏡。しかし、鏡自体が物理的にひどく歪んでいるため、映る姿も醜く歪んで見える。
2028/12/18,土,No.03917,生きたまま化石になる人々,街の人々が、日常生活の最中（歩いている、食事をしている）に、そのポーズのまま徐々に石化（化石化）していく。本人はそのことに気づいていない。
2028/12/19,日,No.03918,色を盗む泥棒,美術館に忍び込んだ泥棒。彼が盗んでいるのは絵画そのものではなく、絵画から「特定の色（例えば、フェルメール・ブルー）」だけを特殊な装置で吸い取っている。
2028/12/20,月,No.03919,喜びを拒否する天国,天国にたどり着いた魂。そこは完璧な楽園だが、魂は「こんな場所は退屈だ」と、天使が差し出す喜びや幸福（光る果実など）を頑なに拒否している。
2028/12/21,火,No.03920,デジタルな原始人,原始時代。ネアンデルタール人たちが焚き火を囲んでいるが、彼らが使っているのは石器ではなく、タブレット端末やスマートフォンであり、壁画（洞窟アート）もデジタルで描いている。
2028/12/22,水,No.03921,無限に続く廊下（ただし狭い）,高級ホテルのような豪華な廊下。しかし、その廊下は無限に続いているように見える。さらに悪いことに、壁が徐々に狭まってきており、前に進むことも戻ることもできなくなりつつある。
2028/12/23,木,No.03922,笑顔の仮面を外せないピエロ,サーカスが終わり、楽屋に戻ったピエロ。メイクを落とそうとするが、その笑顔のメイク（あるいは仮面）が顔に張り付いて、どうしても外すことができない。
2028/12/24,金,No.03923,地下世界に広がる星空,暗い洞窟の地下深く。その天井には、地上の夜空よりも明るく、無数の星々（銀河や星雲）が輝いている。
2028/12/25,土,No.03924,沈むことを忘れた船,何百年も前に沈没したはずの帆船が、ボロボロの姿のまま、なぜか海の底ではなく海面（水上）に浮かび続けている。重力を失ったかのように。
2028/12/26,日,No.03925,自分の物語を書き換える登場人物,小説の登場人物が、自分に与えられた運命（例えば、死ぬこと）が気に入らず、作者が書いている原稿（空中に浮かぶ文字）を自らペンで修正し、物語を変えようとしている。
2028/12/27,月,No.03926,歩く辞書,辞書そのものが手足を持ち、街を歩いている。人々が分からない言葉を尋ねると、そのページを開いて見せてくれるが、非常に無愛想である。
2028/12/28,火,No.03927,腐敗した純粋さ,純粋無垢の象徴である赤ん坊や白いユリ。しかし、それらが内側から腐敗し、ドロドロに溶けたり、異臭を放ったりしている。
2028/12/29,水,No.03928,無秩序な図書館,図書館の本が、ジャンルや著者名に関係なく、完全にランダム（あるいはカオスな法則）で本棚に並べられている。司書は「この方が見つかりやすい」と主張している。
2028/12/30,木,No.03929,捕食者のいない生態系,自然界（サバンナなど）。ライオンもチーターも存在するが、彼らは草食動物（シマウマなど）を襲わず、全員が仲良く草や果物を食べている。
2028/12/31,金,No.03930,音の化石,古代の地層から、音（太古の叫び声や音楽）がそのままの形で結晶化し、化石となって発掘されている。考古学者がそれを耳に当てて聞いている。